{
  "gap": 2.980232238769531e-07,
  "x": 0.9399999976158142,
  "T": 333.6666666666667,
  "y": 0.9400002956390381
}