{
  "MAE": 0.05818128809824853,
  "RMSE": 0.062452749583040736
}