{
  "MAE": 0.0052509368397295475,
  "RMSE": 0.013115533627569675
}