{
  "MAE": 0.006172122433781624,
  "RMSE": 0.011193366721272469
}